-- phpMyAdmin SQL Dump
-- version 5.2.0
-- https://www.phpmyadmin.net/
--
-- Hôte : db:3306
-- Généré le : sam. 22 avr. 2023 à 15:43
-- Version du serveur : 5.7.41
-- Version de PHP : 8.0.19

SET SQL_MODE = "NO_AUTO_VALUE_ON_ZERO";
START TRANSACTION;
SET time_zone = "+00:00";


/*!40101 SET @OLD_CHARACTER_SET_CLIENT=@@CHARACTER_SET_CLIENT */;
/*!40101 SET @OLD_CHARACTER_SET_RESULTS=@@CHARACTER_SET_RESULTS */;
/*!40101 SET @OLD_COLLATION_CONNECTION=@@COLLATION_CONNECTION */;
/*!40101 SET NAMES utf8mb4 */;

--
-- Base de données : `symfony`
--

-- --------------------------------------------------------

--
-- Structure de la table `contact`
--

CREATE TABLE `contact` (
  `id` int(11) NOT NULL,
  `firstname` varchar(255) COLLATE utf8_unicode_ci NOT NULL,
  `name` varchar(255) COLLATE utf8_unicode_ci NOT NULL
) ENGINE=InnoDB DEFAULT CHARSET=utf8 COLLATE=utf8_unicode_ci;

--
-- Déchargement des données de la table `contact`
--

INSERT INTO `contact` (`id`, `firstname`, `name`) VALUES
(1, 'Smith846', 'Jacky877'),
(3, 'Goat', 'Billly'),
(4, 'Pioupiou156984', 'Max305832'),
(5, 'Paolo', 'POCBA'),
(6, 'Paolo', 'POCBA'),
(7, 'Poulo', 'Trumpy'),
(8, 'Camerooun', 'James'),
(9, 'Smith493', 'Jacky491'),
(11, 'Goat', 'Billly'),
(12, 'Pioupiou961667', 'Max901043'),
(13, 'Paolo', 'POCBA'),
(14, 'Paolo', 'POCBA'),
(15, 'Poulo', 'Trumpy'),
(16, 'Camerooun', 'James'),
(17, 'Smith174', 'Jacky547'),
(19, 'Goat', 'Billly'),
(20, 'Pioupiou861693', 'Max997798'),
(21, 'Paolo', 'POCBA'),
(22, 'Paolo', 'POCBA'),
(23, 'Poulo', 'Trumpy'),
(24, 'Camerooun', 'James'),
(25, 'Smith256', 'Jacky410'),
(27, 'Goat', 'Billly'),
(28, 'Pioupiou595315', 'Max190004'),
(29, 'Paolo', 'POCBA'),
(30, 'Paolo', 'POCBA'),
(31, 'Poulo', 'Trumpy'),
(32, 'Camerooun', 'James'),
(33, 'Smith924', 'Jacky737'),
(35, 'Goat', 'Billly'),
(36, 'Pioupiou211790', 'Max775336'),
(37, 'Paolo', 'POCBA'),
(38, 'Paolo', 'POCBA'),
(39, 'Poulo', 'Trumpy'),
(40, 'Camerooun', 'James'),
(41, 'Smith426', 'Jacky910'),
(43, 'Goat', 'Billly'),
(44, 'Pioupiou513254', 'Max108968'),
(45, 'Paolo', 'POCBA'),
(46, 'Paolo', 'POCBA'),
(47, 'Poulo', 'Trumpy'),
(48, 'Camerooun', 'James'),
(49, 'Smith613', 'Jacky902'),
(51, 'Goat', 'Billly'),
(52, 'Pioupiou691850', 'Max901662'),
(53, 'Paolo', 'POCBA'),
(54, 'Paolo', 'POCBA'),
(55, 'Poulo', 'Trumpy'),
(56, 'Camerooun', 'James'),
(57, 'Smith174', 'Jacky120'),
(59, 'Goat', 'Billly'),
(60, 'Pioupiou814407', 'Max270229'),
(61, 'Paolo', 'POCBA'),
(62, 'Paolo', 'POCBA'),
(63, 'Poulo', 'Trumpy'),
(64, 'Camerooun', 'James'),
(65, 'Smith642', 'Jacky166'),
(67, 'Goat', 'Billly'),
(68, 'Pioupiou481622', 'Max4110'),
(69, 'Paolo', 'POCBA'),
(70, 'Paolo', 'POCBA'),
(71, 'Poulo', 'Trumpy'),
(72, 'Camerooun', 'James'),
(73, 'Smith131', 'Jacky396'),
(75, 'Goat', 'Billly'),
(76, 'Pioupiou878170', 'Max704985'),
(77, 'Paolo', 'POCBA'),
(78, 'Paolo', 'POCBA'),
(79, 'Poulo', 'Trumpy'),
(80, 'Camerooun', 'James'),
(81, 'Smith80', 'Jacky588'),
(83, 'Goat', 'Billly'),
(84, 'Pioupiou685753', 'Max670519'),
(85, 'Pioupiou160476', 'Max949059'),
(86, 'Paolo', 'POCBA'),
(87, 'Paolo', 'POCBA'),
(88, 'Poulo', 'Trumpy'),
(89, 'Camerooun', 'James'),
(90, 'Smith778', 'Jacky974'),
(92, 'Goat', 'Billly'),
(93, 'Pioupiou395898', 'Max742595'),
(94, 'Pioupiou477017', 'Max78685'),
(95, 'Paolo', 'POCBA'),
(96, 'Paolo', 'POCBA'),
(97, 'Poulo', 'Trumpy'),
(98, 'Camerooun', 'James'),
(99, 'Smith885', 'Jacky339'),
(101, 'Goat', 'Billly'),
(102, 'Pioupiou230333', 'Max522698'),
(103, 'Pioupiou655926', 'Max481144'),
(104, 'Paolo', 'POCBA'),
(105, 'Paolo', 'POCBA'),
(106, 'Poulo', 'Trumpy'),
(107, 'Camerooun', 'James'),
(108, 'Smith489', 'Jacky956'),
(110, 'Goat', 'Billly'),
(111, 'Pioupiou294271', 'Max937496'),
(112, 'Pioupiou908067', 'Max129668'),
(113, 'Paolo', 'POCBA'),
(114, 'Paolo', 'POCBA'),
(115, 'Poulo', 'Trumpy'),
(116, 'Camerooun', 'James'),
(117, 'Smith282', 'Jacky845'),
(119, 'Goat', 'Billly'),
(120, 'Pioupiou293062', 'Max233533'),
(121, 'Pioupiou743865', 'Max838805'),
(122, 'Paolo', 'POCBA'),
(123, 'Paolo', 'POCBA'),
(124, 'Poulo', 'Trumpy'),
(125, 'Camerooun', 'James'),
(126, 'Smith702', 'Jacky974'),
(128, 'Goat', 'Billly'),
(129, 'Pioupiou55647', 'Max579185'),
(130, 'Pioupiou885411', 'Max517327'),
(131, 'Paolo', 'POCBA'),
(132, 'Paolo', 'POCBA'),
(133, 'Poulo', 'Trumpy'),
(134, 'Camerooun', 'James'),
(135, 'Smith482', 'Jacky581'),
(137, 'Goat', 'Billly'),
(138, 'Pioupiou508784', 'Max341089'),
(139, 'Pioupiou227974', 'Max239499'),
(140, 'Paolo', 'POCBA'),
(141, 'Paolo', 'POCBA'),
(142, 'Poulo', 'Trumpy'),
(143, 'Camerooun', 'James'),
(144, 'Smith211', 'Jacky973'),
(146, 'Goat', 'Billly'),
(147, 'Pioupiou26793', 'Max903539'),
(148, 'Pioupiou182710', 'Max850551'),
(149, 'Paolo', 'POCBA'),
(150, 'Paolo', 'POCBA'),
(151, 'Poulo', 'Trumpy'),
(152, 'Camerooun', 'James'),
(153, 'Smith408', 'Jacky239'),
(155, 'Goat', 'Billly'),
(156, 'Pioupiou904950', 'Max94781'),
(157, 'Pioupiou265644', 'Max129039'),
(158, 'Paolo', 'POCBA'),
(159, 'Paolo', 'POCBA'),
(160, 'Poulo', 'Trumpy'),
(161, 'Camerooun', 'James'),
(162, 'Smith646', 'Jacky488'),
(164, 'Goat', 'Billly'),
(165, 'Pioupiou353443', 'Max297477'),
(166, 'Paolo', 'POCBA'),
(167, 'Paolo', 'POCBA'),
(168, 'Poulo', 'Trumpy'),
(169, 'Camerooun', 'James'),
(170, 'Smith553', 'Jacky116'),
(172, 'Goat', 'Billly'),
(173, 'Pioupiou258216', 'Max15141'),
(174, 'Paolo', 'POCBA'),
(175, 'Paolo', 'POCBA'),
(176, 'Poulo', 'Trumpy'),
(177, 'Camerooun', 'James'),
(178, 'Smith204', 'Jacky679'),
(180, 'Goat', 'Billly'),
(181, 'Pioupiou126933', 'Max232661'),
(182, 'Paolo', 'POCBA'),
(183, 'Paolo', 'POCBA'),
(184, 'Poulo', 'Trumpy'),
(185, 'Camerooun', 'James'),
(186, 'Smith760', 'Jacky887'),
(188, 'Goat', 'Billly'),
(189, 'Pioupiou428235', 'Max59161'),
(190, 'Paolo', 'POCBA'),
(191, 'Paolo', 'POCBA'),
(192, 'Poulo', 'Trumpy'),
(193, 'Camerooun', 'James'),
(194, 'Smith125', 'Jacky708'),
(196, 'Goat', 'Billly'),
(197, 'Pioupiou13469', 'Max490128'),
(198, 'Paolo', 'POCBA'),
(199, 'Paolo', 'POCBA'),
(200, 'Poulo', 'Trumpy'),
(201, 'Camerooun', 'James');

-- --------------------------------------------------------

--
-- Structure de la table `product`
--

CREATE TABLE `product` (
  `id` int(11) NOT NULL,
  `label` varchar(255) COLLATE utf8_unicode_ci NOT NULL
) ENGINE=InnoDB DEFAULT CHARSET=utf8 COLLATE=utf8_unicode_ci;

--
-- Déchargement des données de la table `product`
--

INSERT INTO `product` (`id`, `label`) VALUES
(1, 'toy'),
(3, 'strawberry'),
(4, 'helmet'),
(5, 'arrow'),
(6, 'arrow'),
(7, 'sword'),
(8, 'toy'),
(10, 'strawberry'),
(11, 'helmet'),
(12, 'arrow'),
(13, 'arrow'),
(14, 'sword'),
(15, 'toy'),
(17, 'strawberry'),
(18, 'helmet'),
(19, 'arrow'),
(20, 'arrow'),
(21, 'sword'),
(22, 'toy'),
(24, 'strawberry'),
(25, 'helmet'),
(26, 'arrow'),
(27, 'arrow'),
(28, 'sword'),
(29, 'toy'),
(31, 'strawberry'),
(32, 'helmet'),
(33, 'arrow'),
(34, 'arrow'),
(35, 'sword'),
(36, 'toy'),
(38, 'strawberry'),
(39, 'helmet'),
(40, 'arrow'),
(41, 'arrow'),
(42, 'sword'),
(43, 'toy'),
(45, 'strawberry'),
(46, 'helmet'),
(47, 'arrow'),
(48, 'arrow'),
(49, 'sword'),
(50, 'toy'),
(52, 'strawberry'),
(53, 'helmet'),
(54, 'arrow'),
(55, 'arrow'),
(56, 'sword'),
(57, 'toy'),
(59, 'strawberry'),
(60, 'helmet'),
(61, 'arrow'),
(62, 'arrow'),
(63, 'sword'),
(64, 'toy'),
(66, 'strawberry'),
(67, 'helmet'),
(68, 'arrow'),
(69, 'arrow'),
(70, 'sword'),
(71, 'toy'),
(73, 'strawberry'),
(74, 'helmet'),
(75, 'helmet'),
(76, 'arrow'),
(77, 'arrow'),
(78, 'sword'),
(79, 'toy'),
(81, 'strawberry'),
(82, 'helmet'),
(83, 'helmet'),
(84, 'arrow'),
(85, 'arrow'),
(86, 'sword'),
(87, 'toy'),
(89, 'strawberry'),
(90, 'helmet'),
(91, 'helmet'),
(92, 'arrow'),
(93, 'arrow'),
(94, 'sword'),
(95, 'toy'),
(97, 'strawberry'),
(98, 'helmet'),
(99, 'helmet'),
(100, 'arrow'),
(101, 'arrow'),
(102, 'sword'),
(103, 'toy'),
(105, 'strawberry'),
(106, 'helmet'),
(107, 'helmet'),
(108, 'arrow'),
(109, 'arrow'),
(110, 'sword'),
(111, 'toy'),
(113, 'strawberry'),
(114, 'helmet'),
(115, 'helmet'),
(116, 'arrow'),
(117, 'arrow'),
(118, 'sword'),
(119, 'toy'),
(121, 'strawberry'),
(122, 'helmet'),
(123, 'helmet'),
(124, 'arrow'),
(125, 'arrow'),
(126, 'sword'),
(127, 'toy'),
(129, 'strawberry'),
(130, 'helmet'),
(131, 'helmet'),
(132, 'arrow'),
(133, 'arrow'),
(134, 'sword'),
(135, 'toy'),
(137, 'strawberry'),
(138, 'helmet'),
(139, 'helmet'),
(140, 'arrow'),
(141, 'arrow'),
(142, 'sword'),
(143, 'toy'),
(145, 'strawberry'),
(146, 'helmet'),
(147, 'arrow'),
(148, 'arrow'),
(149, 'sword'),
(150, 'toy'),
(152, 'strawberry'),
(153, 'helmet'),
(154, 'arrow'),
(155, 'arrow'),
(156, 'sword'),
(157, 'toy'),
(159, 'strawberry'),
(160, 'helmet'),
(161, 'arrow'),
(162, 'arrow'),
(163, 'sword'),
(164, 'toy'),
(166, 'strawberry'),
(167, 'helmet'),
(168, 'arrow'),
(169, 'arrow'),
(170, 'sword'),
(171, 'toy'),
(173, 'strawberry'),
(174, 'helmet'),
(175, 'arrow'),
(176, 'arrow'),
(177, 'sword');

-- --------------------------------------------------------

--
-- Structure de la table `subscription`
--

CREATE TABLE `subscription` (
  `id` int(11) NOT NULL,
  `product` int(11) DEFAULT NULL,
  `contact` int(11) DEFAULT NULL,
  `beginDate` datetime NOT NULL,
  `endDate` datetime DEFAULT NULL
) ENGINE=InnoDB DEFAULT CHARSET=utf8 COLLATE=utf8_unicode_ci;

--
-- Déchargement des données de la table `subscription`
--

INSERT INTO `subscription` (`id`, `product`, `contact`, `beginDate`, `endDate`) VALUES
(1, 3, 3, '2022-01-01 00:00:00', '2022-12-31 00:00:00'),
(2, 4, 4, '2022-01-01 00:00:00', '2022-12-31 00:00:00'),
(3, 4, 4, '2022-01-01 00:00:00', '2022-12-31 00:00:00'),
(4, 4, 4, '2022-01-01 00:00:00', '2022-12-31 00:00:00'),
(5, 4, 4, '2022-01-01 00:00:00', '2022-12-31 00:00:00'),
(6, 4, 4, '2022-01-01 00:00:00', '2022-12-31 00:00:00'),
(7, 4, 4, '2022-01-01 00:00:00', '2022-12-31 00:00:00'),
(8, 4, 4, '2022-01-01 00:00:00', '2022-12-31 00:00:00'),
(9, 4, 4, '2022-01-01 00:00:00', '2022-12-31 00:00:00'),
(10, 4, 4, '2022-01-01 00:00:00', '2022-12-31 00:00:00'),
(11, 4, 4, '2022-01-01 00:00:00', '2022-12-31 00:00:00'),
(12, 4, 4, '2022-01-01 00:00:00', '2022-12-31 00:00:00'),
(13, 4, 4, '2022-01-01 00:00:00', '2022-12-31 00:00:00'),
(14, 4, 4, '2022-01-01 00:00:00', '2022-12-31 00:00:00'),
(15, 4, 4, '2022-01-01 00:00:00', '2022-12-31 00:00:00'),
(16, 4, 4, '2022-01-01 00:00:00', '2022-12-31 00:00:00'),
(17, 4, 4, '2022-01-01 00:00:00', '2022-12-31 00:00:00'),
(18, 4, 4, '2022-01-01 00:00:00', '2022-12-31 00:00:00'),
(19, 4, 4, '2022-01-01 00:00:00', '2022-12-31 00:00:00'),
(20, 4, 4, '2022-01-01 00:00:00', '2022-12-31 00:00:00'),
(21, 4, 4, '2022-01-01 00:00:00', '2022-12-31 00:00:00'),
(22, 4, 4, '2022-01-01 00:00:00', '2022-12-31 00:00:00'),
(23, 4, 4, '2022-01-01 00:00:00', '2022-12-31 00:00:00'),
(24, 4, 4, '2022-01-01 00:00:00', '2022-12-31 00:00:00'),
(25, 4, 4, '2022-01-01 00:00:00', '2022-12-31 00:00:00'),
(26, 4, 4, '2022-01-01 00:00:00', '2022-12-31 00:00:00'),
(27, 4, 4, '2022-01-01 00:00:00', '2022-12-31 00:00:00'),
(28, 4, 4, '2022-01-01 00:00:00', '2022-12-31 00:00:00'),
(29, 4, 4, '2022-01-01 00:00:00', '2022-12-31 00:00:00'),
(30, 4, 4, '2022-01-01 00:00:00', '2022-12-31 00:00:00'),
(31, 4, 4, '2022-01-01 00:00:00', '2022-12-31 00:00:00'),
(32, 4, 4, '2022-01-01 00:00:00', '2022-12-31 00:00:00'),
(33, 4, 4, '2022-01-01 00:00:00', '2022-12-31 00:00:00'),
(34, 4, 4, '2022-01-01 00:00:00', '2022-12-31 00:00:00'),
(35, 4, 4, '2022-01-01 00:00:00', '2022-12-31 00:00:00'),
(36, 4, 4, '2022-01-01 00:00:00', '2022-12-31 00:00:00'),
(37, 4, 4, '2022-01-01 00:00:00', '2022-12-31 00:00:00'),
(38, 4, 4, '2022-01-01 00:00:00', '2022-12-31 00:00:00'),
(39, 4, 4, '2022-01-01 00:00:00', '2022-12-31 00:00:00'),
(40, 4, 4, '2022-01-01 00:00:00', '2022-12-31 00:00:00'),
(41, 4, 4, '2022-01-01 00:00:00', '2022-12-31 00:00:00'),
(42, 4, 4, '2022-01-01 00:00:00', '2022-12-31 00:00:00'),
(43, 4, 4, '2022-01-01 00:00:00', '2022-12-31 00:00:00'),
(44, 4, 4, '2022-01-01 00:00:00', '2022-12-31 00:00:00'),
(45, 4, 4, '2022-01-01 00:00:00', '2022-12-31 00:00:00'),
(46, 4, 4, '2022-01-01 00:00:00', '2022-12-31 00:00:00'),
(47, 5, 5, '2023-01-01 00:00:00', '2028-01-01 00:00:00'),
(48, 6, 7, '2022-01-01 00:00:00', '2025-12-31 00:00:00'),
(50, 10, 11, '2022-01-01 00:00:00', '2022-12-31 00:00:00'),
(51, 11, 12, '2022-01-01 00:00:00', '2022-12-31 00:00:00'),
(52, 11, 12, '2022-01-01 00:00:00', '2022-12-31 00:00:00'),
(53, 11, 12, '2022-01-01 00:00:00', '2022-12-31 00:00:00'),
(54, 11, 12, '2022-01-01 00:00:00', '2022-12-31 00:00:00'),
(55, 11, 12, '2022-01-01 00:00:00', '2022-12-31 00:00:00'),
(56, 11, 12, '2022-01-01 00:00:00', '2022-12-31 00:00:00'),
(57, 11, 12, '2022-01-01 00:00:00', '2022-12-31 00:00:00'),
(58, 11, 12, '2022-01-01 00:00:00', '2022-12-31 00:00:00'),
(59, 11, 12, '2022-01-01 00:00:00', '2022-12-31 00:00:00'),
(60, 11, 12, '2022-01-01 00:00:00', '2022-12-31 00:00:00'),
(61, 11, 12, '2022-01-01 00:00:00', '2022-12-31 00:00:00'),
(62, 12, 13, '2023-01-01 00:00:00', '2028-01-01 00:00:00'),
(63, 13, 15, '2022-01-01 00:00:00', '2025-12-31 00:00:00'),
(65, 17, 19, '2022-01-01 00:00:00', '2022-12-31 00:00:00'),
(66, 18, 20, '2022-01-01 00:00:00', '2022-12-31 00:00:00'),
(67, 18, 20, '2022-01-01 00:00:00', '2022-12-31 00:00:00'),
(68, 18, 20, '2022-01-01 00:00:00', '2022-12-31 00:00:00'),
(69, 18, 20, '2022-01-01 00:00:00', '2022-12-31 00:00:00'),
(70, 18, 20, '2022-01-01 00:00:00', '2022-12-31 00:00:00'),
(71, 18, 20, '2022-01-01 00:00:00', '2022-12-31 00:00:00'),
(72, 18, 20, '2022-01-01 00:00:00', '2022-12-31 00:00:00'),
(73, 18, 20, '2022-01-01 00:00:00', '2022-12-31 00:00:00'),
(74, 18, 20, '2022-01-01 00:00:00', '2022-12-31 00:00:00'),
(75, 18, 20, '2022-01-01 00:00:00', '2022-12-31 00:00:00'),
(76, 18, 20, '2022-01-01 00:00:00', '2022-12-31 00:00:00'),
(77, 18, 20, '2022-01-01 00:00:00', '2022-12-31 00:00:00'),
(78, 18, 20, '2022-01-01 00:00:00', '2022-12-31 00:00:00'),
(79, 18, 20, '2022-01-01 00:00:00', '2022-12-31 00:00:00'),
(80, 18, 20, '2022-01-01 00:00:00', '2022-12-31 00:00:00'),
(81, 18, 20, '2022-01-01 00:00:00', '2022-12-31 00:00:00'),
(82, 18, 20, '2022-01-01 00:00:00', '2022-12-31 00:00:00'),
(83, 19, 21, '2023-01-01 00:00:00', '2028-01-01 00:00:00'),
(84, 20, 23, '2022-01-01 00:00:00', '2025-12-31 00:00:00'),
(86, 24, 27, '2022-01-01 00:00:00', '2022-12-31 00:00:00'),
(87, 25, 28, '2022-01-01 00:00:00', '2022-12-31 00:00:00'),
(88, 25, 28, '2022-01-01 00:00:00', '2022-12-31 00:00:00'),
(89, 25, 28, '2022-01-01 00:00:00', '2022-12-31 00:00:00'),
(90, 25, 28, '2022-01-01 00:00:00', '2022-12-31 00:00:00'),
(91, 25, 28, '2022-01-01 00:00:00', '2022-12-31 00:00:00'),
(92, 25, 28, '2022-01-01 00:00:00', '2022-12-31 00:00:00'),
(93, 25, 28, '2022-01-01 00:00:00', '2022-12-31 00:00:00'),
(94, 25, 28, '2022-01-01 00:00:00', '2022-12-31 00:00:00'),
(95, 25, 28, '2022-01-01 00:00:00', '2022-12-31 00:00:00'),
(96, 25, 28, '2022-01-01 00:00:00', '2022-12-31 00:00:00'),
(97, 25, 28, '2022-01-01 00:00:00', '2022-12-31 00:00:00'),
(98, 25, 28, '2022-01-01 00:00:00', '2022-12-31 00:00:00'),
(99, 25, 28, '2022-01-01 00:00:00', '2022-12-31 00:00:00'),
(100, 25, 28, '2022-01-01 00:00:00', '2022-12-31 00:00:00'),
(101, 25, 28, '2022-01-01 00:00:00', '2022-12-31 00:00:00'),
(102, 25, 28, '2022-01-01 00:00:00', '2022-12-31 00:00:00'),
(103, 25, 28, '2022-01-01 00:00:00', '2022-12-31 00:00:00'),
(104, 25, 28, '2022-01-01 00:00:00', '2022-12-31 00:00:00'),
(105, 25, 28, '2022-01-01 00:00:00', '2022-12-31 00:00:00'),
(106, 25, 28, '2022-01-01 00:00:00', '2022-12-31 00:00:00'),
(107, 25, 28, '2022-01-01 00:00:00', '2022-12-31 00:00:00'),
(108, 25, 28, '2022-01-01 00:00:00', '2022-12-31 00:00:00'),
(109, 25, 28, '2022-01-01 00:00:00', '2022-12-31 00:00:00'),
(110, 26, 29, '2023-01-01 00:00:00', '2028-01-01 00:00:00'),
(111, 27, 31, '2022-01-01 00:00:00', '2025-12-31 00:00:00'),
(113, 31, 35, '2022-01-01 00:00:00', '2022-12-31 00:00:00'),
(114, 32, 36, '2022-01-01 00:00:00', '2022-12-31 00:00:00'),
(115, 32, 36, '2022-01-01 00:00:00', '2022-12-31 00:00:00'),
(116, 32, 36, '2022-01-01 00:00:00', '2022-12-31 00:00:00'),
(117, 32, 36, '2022-01-01 00:00:00', '2022-12-31 00:00:00'),
(118, 32, 36, '2022-01-01 00:00:00', '2022-12-31 00:00:00'),
(119, 32, 36, '2022-01-01 00:00:00', '2022-12-31 00:00:00'),
(120, 32, 36, '2022-01-01 00:00:00', '2022-12-31 00:00:00'),
(121, 32, 36, '2022-01-01 00:00:00', '2022-12-31 00:00:00'),
(122, 32, 36, '2022-01-01 00:00:00', '2022-12-31 00:00:00'),
(123, 32, 36, '2022-01-01 00:00:00', '2022-12-31 00:00:00'),
(124, 32, 36, '2022-01-01 00:00:00', '2022-12-31 00:00:00'),
(125, 32, 36, '2022-01-01 00:00:00', '2022-12-31 00:00:00'),
(126, 32, 36, '2022-01-01 00:00:00', '2022-12-31 00:00:00'),
(127, 32, 36, '2022-01-01 00:00:00', '2022-12-31 00:00:00'),
(128, 32, 36, '2022-01-01 00:00:00', '2022-12-31 00:00:00'),
(129, 32, 36, '2022-01-01 00:00:00', '2022-12-31 00:00:00'),
(130, 32, 36, '2022-01-01 00:00:00', '2022-12-31 00:00:00'),
(131, 32, 36, '2022-01-01 00:00:00', '2022-12-31 00:00:00'),
(132, 32, 36, '2022-01-01 00:00:00', '2022-12-31 00:00:00'),
(133, 32, 36, '2022-01-01 00:00:00', '2022-12-31 00:00:00'),
(134, 32, 36, '2022-01-01 00:00:00', '2022-12-31 00:00:00'),
(135, 32, 36, '2022-01-01 00:00:00', '2022-12-31 00:00:00'),
(136, 32, 36, '2022-01-01 00:00:00', '2022-12-31 00:00:00'),
(137, 32, 36, '2022-01-01 00:00:00', '2022-12-31 00:00:00'),
(138, 32, 36, '2022-01-01 00:00:00', '2022-12-31 00:00:00'),
(139, 32, 36, '2022-01-01 00:00:00', '2022-12-31 00:00:00'),
(140, 32, 36, '2022-01-01 00:00:00', '2022-12-31 00:00:00'),
(141, 32, 36, '2022-01-01 00:00:00', '2022-12-31 00:00:00'),
(142, 32, 36, '2022-01-01 00:00:00', '2022-12-31 00:00:00'),
(143, 32, 36, '2022-01-01 00:00:00', '2022-12-31 00:00:00'),
(144, 32, 36, '2022-01-01 00:00:00', '2022-12-31 00:00:00'),
(145, 32, 36, '2022-01-01 00:00:00', '2022-12-31 00:00:00'),
(146, 32, 36, '2022-01-01 00:00:00', '2022-12-31 00:00:00'),
(147, 32, 36, '2022-01-01 00:00:00', '2022-12-31 00:00:00'),
(148, 32, 36, '2022-01-01 00:00:00', '2022-12-31 00:00:00'),
(149, 32, 36, '2022-01-01 00:00:00', '2022-12-31 00:00:00'),
(150, 32, 36, '2022-01-01 00:00:00', '2022-12-31 00:00:00'),
(151, 32, 36, '2022-01-01 00:00:00', '2022-12-31 00:00:00'),
(152, 32, 36, '2022-01-01 00:00:00', '2022-12-31 00:00:00'),
(153, 32, 36, '2022-01-01 00:00:00', '2022-12-31 00:00:00'),
(154, 32, 36, '2022-01-01 00:00:00', '2022-12-31 00:00:00'),
(155, 32, 36, '2022-01-01 00:00:00', '2022-12-31 00:00:00'),
(156, 32, 36, '2022-01-01 00:00:00', '2022-12-31 00:00:00'),
(157, 32, 36, '2022-01-01 00:00:00', '2022-12-31 00:00:00'),
(158, 32, 36, '2022-01-01 00:00:00', '2022-12-31 00:00:00'),
(159, 32, 36, '2022-01-01 00:00:00', '2022-12-31 00:00:00'),
(160, 32, 36, '2022-01-01 00:00:00', '2022-12-31 00:00:00'),
(161, 32, 36, '2022-01-01 00:00:00', '2022-12-31 00:00:00'),
(162, 33, 37, '2023-01-01 00:00:00', '2028-01-01 00:00:00'),
(163, 34, 39, '2022-01-01 00:00:00', '2025-12-31 00:00:00'),
(165, 38, 43, '2022-01-01 00:00:00', '2022-12-31 00:00:00'),
(166, 39, 44, '2022-01-01 00:00:00', '2022-12-31 00:00:00'),
(167, 39, 44, '2022-01-01 00:00:00', '2022-12-31 00:00:00'),
(168, 39, 44, '2022-01-01 00:00:00', '2022-12-31 00:00:00'),
(169, 39, 44, '2022-01-01 00:00:00', '2022-12-31 00:00:00'),
(170, 39, 44, '2022-01-01 00:00:00', '2022-12-31 00:00:00'),
(171, 39, 44, '2022-01-01 00:00:00', '2022-12-31 00:00:00'),
(172, 39, 44, '2022-01-01 00:00:00', '2022-12-31 00:00:00'),
(173, 39, 44, '2022-01-01 00:00:00', '2022-12-31 00:00:00'),
(174, 39, 44, '2022-01-01 00:00:00', '2022-12-31 00:00:00'),
(175, 39, 44, '2022-01-01 00:00:00', '2022-12-31 00:00:00'),
(176, 39, 44, '2022-01-01 00:00:00', '2022-12-31 00:00:00'),
(177, 39, 44, '2022-01-01 00:00:00', '2022-12-31 00:00:00'),
(178, 39, 44, '2022-01-01 00:00:00', '2022-12-31 00:00:00'),
(179, 39, 44, '2022-01-01 00:00:00', '2022-12-31 00:00:00'),
(180, 39, 44, '2022-01-01 00:00:00', '2022-12-31 00:00:00'),
(181, 39, 44, '2022-01-01 00:00:00', '2022-12-31 00:00:00'),
(182, 39, 44, '2022-01-01 00:00:00', '2022-12-31 00:00:00'),
(183, 39, 44, '2022-01-01 00:00:00', '2022-12-31 00:00:00'),
(184, 39, 44, '2022-01-01 00:00:00', '2022-12-31 00:00:00'),
(185, 39, 44, '2022-01-01 00:00:00', '2022-12-31 00:00:00'),
(186, 39, 44, '2022-01-01 00:00:00', '2022-12-31 00:00:00'),
(187, 39, 44, '2022-01-01 00:00:00', '2022-12-31 00:00:00'),
(188, 39, 44, '2022-01-01 00:00:00', '2022-12-31 00:00:00'),
(189, 39, 44, '2022-01-01 00:00:00', '2022-12-31 00:00:00'),
(190, 39, 44, '2022-01-01 00:00:00', '2022-12-31 00:00:00'),
(191, 39, 44, '2022-01-01 00:00:00', '2022-12-31 00:00:00'),
(192, 39, 44, '2022-01-01 00:00:00', '2022-12-31 00:00:00'),
(193, 39, 44, '2022-01-01 00:00:00', '2022-12-31 00:00:00'),
(194, 39, 44, '2022-01-01 00:00:00', '2022-12-31 00:00:00'),
(195, 39, 44, '2022-01-01 00:00:00', '2022-12-31 00:00:00'),
(196, 39, 44, '2022-01-01 00:00:00', '2022-12-31 00:00:00'),
(197, 39, 44, '2022-01-01 00:00:00', '2022-12-31 00:00:00'),
(198, 39, 44, '2022-01-01 00:00:00', '2022-12-31 00:00:00'),
(199, 39, 44, '2022-01-01 00:00:00', '2022-12-31 00:00:00'),
(200, 39, 44, '2022-01-01 00:00:00', '2022-12-31 00:00:00'),
(201, 39, 44, '2022-01-01 00:00:00', '2022-12-31 00:00:00'),
(202, 39, 44, '2022-01-01 00:00:00', '2022-12-31 00:00:00'),
(203, 39, 44, '2022-01-01 00:00:00', '2022-12-31 00:00:00'),
(204, 39, 44, '2022-01-01 00:00:00', '2022-12-31 00:00:00'),
(205, 39, 44, '2022-01-01 00:00:00', '2022-12-31 00:00:00'),
(206, 40, 45, '2023-01-01 00:00:00', '2028-01-01 00:00:00'),
(207, 41, 47, '2022-01-01 00:00:00', '2025-12-31 00:00:00'),
(209, 45, 51, '2022-01-01 00:00:00', '2022-12-31 00:00:00'),
(210, 46, 52, '2022-01-01 00:00:00', '2022-12-31 00:00:00'),
(211, 46, 52, '2022-01-01 00:00:00', '2022-12-31 00:00:00'),
(212, 46, 52, '2022-01-01 00:00:00', '2022-12-31 00:00:00'),
(213, 46, 52, '2022-01-01 00:00:00', '2022-12-31 00:00:00'),
(214, 46, 52, '2022-01-01 00:00:00', '2022-12-31 00:00:00'),
(215, 46, 52, '2022-01-01 00:00:00', '2022-12-31 00:00:00'),
(216, 46, 52, '2022-01-01 00:00:00', '2022-12-31 00:00:00'),
(217, 46, 52, '2022-01-01 00:00:00', '2022-12-31 00:00:00'),
(218, 46, 52, '2022-01-01 00:00:00', '2022-12-31 00:00:00'),
(219, 46, 52, '2022-01-01 00:00:00', '2022-12-31 00:00:00'),
(220, 46, 52, '2022-01-01 00:00:00', '2022-12-31 00:00:00'),
(221, 46, 52, '2022-01-01 00:00:00', '2022-12-31 00:00:00'),
(222, 46, 52, '2022-01-01 00:00:00', '2022-12-31 00:00:00'),
(223, 46, 52, '2022-01-01 00:00:00', '2022-12-31 00:00:00'),
(224, 46, 52, '2022-01-01 00:00:00', '2022-12-31 00:00:00'),
(225, 46, 52, '2022-01-01 00:00:00', '2022-12-31 00:00:00'),
(226, 46, 52, '2022-01-01 00:00:00', '2022-12-31 00:00:00'),
(227, 46, 52, '2022-01-01 00:00:00', '2022-12-31 00:00:00'),
(228, 46, 52, '2022-01-01 00:00:00', '2022-12-31 00:00:00'),
(229, 46, 52, '2022-01-01 00:00:00', '2022-12-31 00:00:00'),
(230, 46, 52, '2022-01-01 00:00:00', '2022-12-31 00:00:00'),
(231, 46, 52, '2022-01-01 00:00:00', '2022-12-31 00:00:00'),
(232, 46, 52, '2022-01-01 00:00:00', '2022-12-31 00:00:00'),
(233, 47, 53, '2023-01-01 00:00:00', '2028-01-01 00:00:00'),
(234, 48, 55, '2022-01-01 00:00:00', '2025-12-31 00:00:00'),
(236, 52, 59, '2022-01-01 00:00:00', '2022-12-31 00:00:00'),
(237, 53, 60, '2022-01-01 00:00:00', '2022-12-31 00:00:00'),
(238, 53, 60, '2022-01-01 00:00:00', '2022-12-31 00:00:00'),
(239, 53, 60, '2022-01-01 00:00:00', '2022-12-31 00:00:00'),
(240, 53, 60, '2022-01-01 00:00:00', '2022-12-31 00:00:00'),
(241, 53, 60, '2022-01-01 00:00:00', '2022-12-31 00:00:00'),
(242, 53, 60, '2022-01-01 00:00:00', '2022-12-31 00:00:00'),
(243, 53, 60, '2022-01-01 00:00:00', '2022-12-31 00:00:00'),
(244, 53, 60, '2022-01-01 00:00:00', '2022-12-31 00:00:00'),
(245, 53, 60, '2022-01-01 00:00:00', '2022-12-31 00:00:00'),
(246, 53, 60, '2022-01-01 00:00:00', '2022-12-31 00:00:00'),
(247, 53, 60, '2022-01-01 00:00:00', '2022-12-31 00:00:00'),
(248, 53, 60, '2022-01-01 00:00:00', '2022-12-31 00:00:00'),
(249, 53, 60, '2022-01-01 00:00:00', '2022-12-31 00:00:00'),
(250, 53, 60, '2022-01-01 00:00:00', '2022-12-31 00:00:00'),
(251, 53, 60, '2022-01-01 00:00:00', '2022-12-31 00:00:00'),
(252, 53, 60, '2022-01-01 00:00:00', '2022-12-31 00:00:00'),
(253, 53, 60, '2022-01-01 00:00:00', '2022-12-31 00:00:00'),
(254, 53, 60, '2022-01-01 00:00:00', '2022-12-31 00:00:00'),
(255, 53, 60, '2022-01-01 00:00:00', '2022-12-31 00:00:00'),
(256, 53, 60, '2022-01-01 00:00:00', '2022-12-31 00:00:00'),
(257, 53, 60, '2022-01-01 00:00:00', '2022-12-31 00:00:00'),
(258, 53, 60, '2022-01-01 00:00:00', '2022-12-31 00:00:00'),
(259, 53, 60, '2022-01-01 00:00:00', '2022-12-31 00:00:00'),
(260, 53, 60, '2022-01-01 00:00:00', '2022-12-31 00:00:00'),
(261, 53, 60, '2022-01-01 00:00:00', '2022-12-31 00:00:00'),
(262, 53, 60, '2022-01-01 00:00:00', '2022-12-31 00:00:00'),
(263, 53, 60, '2022-01-01 00:00:00', '2022-12-31 00:00:00'),
(264, 53, 60, '2022-01-01 00:00:00', '2022-12-31 00:00:00'),
(265, 53, 60, '2022-01-01 00:00:00', '2022-12-31 00:00:00'),
(266, 53, 60, '2022-01-01 00:00:00', '2022-12-31 00:00:00'),
(267, 53, 60, '2022-01-01 00:00:00', '2022-12-31 00:00:00'),
(268, 53, 60, '2022-01-01 00:00:00', '2022-12-31 00:00:00'),
(269, 53, 60, '2022-01-01 00:00:00', '2022-12-31 00:00:00'),
(270, 53, 60, '2022-01-01 00:00:00', '2022-12-31 00:00:00'),
(271, 53, 60, '2022-01-01 00:00:00', '2022-12-31 00:00:00'),
(272, 53, 60, '2022-01-01 00:00:00', '2022-12-31 00:00:00'),
(273, 53, 60, '2022-01-01 00:00:00', '2022-12-31 00:00:00'),
(274, 53, 60, '2022-01-01 00:00:00', '2022-12-31 00:00:00'),
(275, 53, 60, '2022-01-01 00:00:00', '2022-12-31 00:00:00'),
(276, 53, 60, '2022-01-01 00:00:00', '2022-12-31 00:00:00'),
(277, 53, 60, '2022-01-01 00:00:00', '2022-12-31 00:00:00'),
(278, 53, 60, '2022-01-01 00:00:00', '2022-12-31 00:00:00'),
(279, 53, 60, '2022-01-01 00:00:00', '2022-12-31 00:00:00'),
(280, 53, 60, '2022-01-01 00:00:00', '2022-12-31 00:00:00'),
(281, 53, 60, '2022-01-01 00:00:00', '2022-12-31 00:00:00'),
(282, 53, 60, '2022-01-01 00:00:00', '2022-12-31 00:00:00'),
(283, 54, 61, '2023-01-01 00:00:00', '2028-01-01 00:00:00'),
(284, 55, 63, '2022-01-01 00:00:00', '2025-12-31 00:00:00'),
(286, 59, 67, '2022-01-01 00:00:00', '2022-12-31 00:00:00'),
(287, 60, 68, '2022-01-01 00:00:00', '2022-12-31 00:00:00'),
(288, 60, 68, '2022-01-01 00:00:00', '2022-12-31 00:00:00'),
(289, 60, 68, '2022-01-01 00:00:00', '2022-12-31 00:00:00'),
(290, 60, 68, '2022-01-01 00:00:00', '2022-12-31 00:00:00'),
(291, 60, 68, '2022-01-01 00:00:00', '2022-12-31 00:00:00'),
(292, 60, 68, '2022-01-01 00:00:00', '2022-12-31 00:00:00'),
(293, 60, 68, '2022-01-01 00:00:00', '2022-12-31 00:00:00'),
(294, 60, 68, '2022-01-01 00:00:00', '2022-12-31 00:00:00'),
(295, 60, 68, '2022-01-01 00:00:00', '2022-12-31 00:00:00'),
(296, 60, 68, '2022-01-01 00:00:00', '2022-12-31 00:00:00'),
(297, 60, 68, '2022-01-01 00:00:00', '2022-12-31 00:00:00'),
(298, 60, 68, '2022-01-01 00:00:00', '2022-12-31 00:00:00'),
(299, 60, 68, '2022-01-01 00:00:00', '2022-12-31 00:00:00'),
(300, 60, 68, '2022-01-01 00:00:00', '2022-12-31 00:00:00'),
(301, 60, 68, '2022-01-01 00:00:00', '2022-12-31 00:00:00'),
(302, 60, 68, '2022-01-01 00:00:00', '2022-12-31 00:00:00'),
(303, 60, 68, '2022-01-01 00:00:00', '2022-12-31 00:00:00'),
(304, 60, 68, '2022-01-01 00:00:00', '2022-12-31 00:00:00'),
(305, 60, 68, '2022-01-01 00:00:00', '2022-12-31 00:00:00'),
(306, 60, 68, '2022-01-01 00:00:00', '2022-12-31 00:00:00'),
(307, 60, 68, '2022-01-01 00:00:00', '2022-12-31 00:00:00'),
(308, 60, 68, '2022-01-01 00:00:00', '2022-12-31 00:00:00'),
(309, 60, 68, '2022-01-01 00:00:00', '2022-12-31 00:00:00'),
(310, 61, 69, '2023-01-01 00:00:00', '2028-01-01 00:00:00'),
(311, 62, 71, '2022-01-01 00:00:00', '2025-12-31 00:00:00'),
(313, 66, 75, '2022-01-01 00:00:00', '2022-12-31 00:00:00'),
(314, 67, 76, '2022-01-01 00:00:00', '2022-12-31 00:00:00'),
(315, 67, 76, '2022-01-01 00:00:00', '2022-12-31 00:00:00'),
(316, 67, 76, '2022-01-01 00:00:00', '2022-12-31 00:00:00'),
(317, 67, 76, '2022-01-01 00:00:00', '2022-12-31 00:00:00'),
(318, 67, 76, '2022-01-01 00:00:00', '2022-12-31 00:00:00'),
(319, 67, 76, '2022-01-01 00:00:00', '2022-12-31 00:00:00'),
(320, 67, 76, '2022-01-01 00:00:00', '2022-12-31 00:00:00'),
(321, 67, 76, '2022-01-01 00:00:00', '2022-12-31 00:00:00'),
(322, 67, 76, '2022-01-01 00:00:00', '2022-12-31 00:00:00'),
(323, 67, 76, '2022-01-01 00:00:00', '2022-12-31 00:00:00'),
(324, 67, 76, '2022-01-01 00:00:00', '2022-12-31 00:00:00'),
(325, 67, 76, '2022-01-01 00:00:00', '2022-12-31 00:00:00'),
(326, 67, 76, '2022-01-01 00:00:00', '2022-12-31 00:00:00'),
(327, 68, 77, '2023-01-01 00:00:00', '2028-01-01 00:00:00'),
(328, 69, 79, '2022-01-01 00:00:00', '2025-12-31 00:00:00'),
(330, 73, 83, '2022-01-01 00:00:00', '2022-12-31 00:00:00'),
(331, 74, 84, '2022-01-01 00:00:00', '2022-12-31 00:00:00'),
(332, 74, 84, '2022-01-01 00:00:00', '2022-12-31 00:00:00'),
(333, 74, 84, '2022-01-01 00:00:00', '2022-12-31 00:00:00'),
(334, 74, 84, '2022-01-01 00:00:00', '2022-12-31 00:00:00'),
(335, 74, 84, '2022-01-01 00:00:00', '2022-12-31 00:00:00'),
(336, 74, 84, '2022-01-01 00:00:00', '2022-12-31 00:00:00'),
(337, 74, 84, '2022-01-01 00:00:00', '2022-12-31 00:00:00'),
(338, 74, 84, '2022-01-01 00:00:00', '2022-12-31 00:00:00'),
(339, 74, 84, '2022-01-01 00:00:00', '2022-12-31 00:00:00'),
(340, 74, 84, '2022-01-01 00:00:00', '2022-12-31 00:00:00'),
(341, 74, 84, '2022-01-01 00:00:00', '2022-12-31 00:00:00'),
(342, 74, 84, '2022-01-01 00:00:00', '2022-12-31 00:00:00'),
(343, 74, 84, '2022-01-01 00:00:00', '2022-12-31 00:00:00'),
(344, 74, 84, '2022-01-01 00:00:00', '2022-12-31 00:00:00'),
(345, 74, 84, '2022-01-01 00:00:00', '2022-12-31 00:00:00'),
(346, 74, 84, '2022-01-01 00:00:00', '2022-12-31 00:00:00'),
(347, 74, 84, '2022-01-01 00:00:00', '2022-12-31 00:00:00'),
(348, 74, 84, '2022-01-01 00:00:00', '2022-12-31 00:00:00'),
(349, 74, 84, '2022-01-01 00:00:00', '2022-12-31 00:00:00'),
(350, 75, 85, '2022-01-01 00:00:00', '2022-12-31 00:00:00'),
(351, 75, 85, '2022-01-01 00:00:00', '2022-12-31 00:00:00'),
(352, 75, 85, '2022-01-01 00:00:00', '2022-12-31 00:00:00'),
(353, 75, 85, '2022-01-01 00:00:00', '2022-12-31 00:00:00'),
(354, 75, 85, '2022-01-01 00:00:00', '2022-12-31 00:00:00'),
(355, 75, 85, '2022-01-01 00:00:00', '2022-12-31 00:00:00'),
(356, 75, 85, '2022-01-01 00:00:00', '2022-12-31 00:00:00'),
(357, 75, 85, '2022-01-01 00:00:00', '2022-12-31 00:00:00'),
(358, 75, 85, '2022-01-01 00:00:00', '2022-12-31 00:00:00'),
(359, 75, 85, '2022-01-01 00:00:00', '2022-12-31 00:00:00'),
(360, 75, 85, '2022-01-01 00:00:00', '2022-12-31 00:00:00'),
(361, 75, 85, '2022-01-01 00:00:00', '2022-12-31 00:00:00'),
(362, 76, 86, '2023-01-01 00:00:00', '2028-01-01 00:00:00'),
(363, 77, 88, '2022-01-01 00:00:00', '2025-12-31 00:00:00'),
(365, 81, 92, '2022-01-01 00:00:00', '2022-12-31 00:00:00'),
(366, 82, 93, '2022-01-01 00:00:00', '2022-12-31 00:00:00'),
(367, 82, 93, '2022-01-01 00:00:00', '2022-12-31 00:00:00'),
(368, 82, 93, '2022-01-01 00:00:00', '2022-12-31 00:00:00'),
(369, 82, 93, '2022-01-01 00:00:00', '2022-12-31 00:00:00'),
(370, 82, 93, '2022-01-01 00:00:00', '2022-12-31 00:00:00'),
(371, 82, 93, '2022-01-01 00:00:00', '2022-12-31 00:00:00'),
(372, 82, 93, '2022-01-01 00:00:00', '2022-12-31 00:00:00'),
(373, 82, 93, '2022-01-01 00:00:00', '2022-12-31 00:00:00'),
(374, 82, 93, '2022-01-01 00:00:00', '2022-12-31 00:00:00'),
(375, 82, 93, '2022-01-01 00:00:00', '2022-12-31 00:00:00'),
(376, 82, 93, '2022-01-01 00:00:00', '2022-12-31 00:00:00'),
(377, 82, 93, '2022-01-01 00:00:00', '2022-12-31 00:00:00'),
(378, 82, 93, '2022-01-01 00:00:00', '2022-12-31 00:00:00'),
(379, 82, 93, '2022-01-01 00:00:00', '2022-12-31 00:00:00'),
(380, 82, 93, '2022-01-01 00:00:00', '2022-12-31 00:00:00'),
(381, 82, 93, '2022-01-01 00:00:00', '2022-12-31 00:00:00'),
(382, 82, 93, '2022-01-01 00:00:00', '2022-12-31 00:00:00'),
(383, 82, 93, '2022-01-01 00:00:00', '2022-12-31 00:00:00'),
(384, 82, 93, '2022-01-01 00:00:00', '2022-12-31 00:00:00'),
(385, 82, 93, '2022-01-01 00:00:00', '2022-12-31 00:00:00'),
(386, 82, 93, '2022-01-01 00:00:00', '2022-12-31 00:00:00'),
(387, 82, 93, '2022-01-01 00:00:00', '2022-12-31 00:00:00'),
(388, 82, 93, '2022-01-01 00:00:00', '2022-12-31 00:00:00'),
(389, 82, 93, '2022-01-01 00:00:00', '2022-12-31 00:00:00'),
(390, 82, 93, '2022-01-01 00:00:00', '2022-12-31 00:00:00'),
(391, 83, 94, '2022-01-01 00:00:00', '2022-12-31 00:00:00'),
(392, 83, 94, '2022-01-01 00:00:00', '2022-12-31 00:00:00'),
(393, 83, 94, '2022-01-01 00:00:00', '2022-12-31 00:00:00'),
(394, 83, 94, '2022-01-01 00:00:00', '2022-12-31 00:00:00'),
(395, 83, 94, '2022-01-01 00:00:00', '2022-12-31 00:00:00'),
(396, 83, 94, '2022-01-01 00:00:00', '2022-12-31 00:00:00'),
(397, 83, 94, '2022-01-01 00:00:00', '2022-12-31 00:00:00'),
(398, 83, 94, '2022-01-01 00:00:00', '2022-12-31 00:00:00'),
(399, 83, 94, '2022-01-01 00:00:00', '2022-12-31 00:00:00'),
(400, 83, 94, '2022-01-01 00:00:00', '2022-12-31 00:00:00'),
(401, 83, 94, '2022-01-01 00:00:00', '2022-12-31 00:00:00'),
(402, 83, 94, '2022-01-01 00:00:00', '2022-12-31 00:00:00'),
(403, 83, 94, '2022-01-01 00:00:00', '2022-12-31 00:00:00'),
(404, 83, 94, '2022-01-01 00:00:00', '2022-12-31 00:00:00'),
(405, 83, 94, '2022-01-01 00:00:00', '2022-12-31 00:00:00'),
(406, 83, 94, '2022-01-01 00:00:00', '2022-12-31 00:00:00'),
(407, 83, 94, '2022-01-01 00:00:00', '2022-12-31 00:00:00'),
(408, 84, 95, '2023-01-01 00:00:00', '2028-01-01 00:00:00'),
(409, 85, 97, '2022-01-01 00:00:00', '2025-12-31 00:00:00'),
(411, 89, 101, '2022-01-01 00:00:00', '2022-12-31 00:00:00'),
(412, 90, 102, '2022-01-01 00:00:00', '2022-12-31 00:00:00'),
(413, 90, 102, '2022-01-01 00:00:00', '2022-12-31 00:00:00'),
(414, 90, 102, '2022-01-01 00:00:00', '2022-12-31 00:00:00'),
(415, 90, 102, '2022-01-01 00:00:00', '2022-12-31 00:00:00'),
(416, 90, 102, '2022-01-01 00:00:00', '2022-12-31 00:00:00'),
(417, 90, 102, '2022-01-01 00:00:00', '2022-12-31 00:00:00'),
(418, 90, 102, '2022-01-01 00:00:00', '2022-12-31 00:00:00'),
(419, 90, 102, '2022-01-01 00:00:00', '2022-12-31 00:00:00'),
(420, 90, 102, '2022-01-01 00:00:00', '2022-12-31 00:00:00'),
(421, 90, 102, '2022-01-01 00:00:00', '2022-12-31 00:00:00'),
(422, 90, 102, '2022-01-01 00:00:00', '2022-12-31 00:00:00'),
(423, 90, 102, '2022-01-01 00:00:00', '2022-12-31 00:00:00'),
(424, 90, 102, '2022-01-01 00:00:00', '2022-12-31 00:00:00'),
(425, 90, 102, '2022-01-01 00:00:00', '2022-12-31 00:00:00'),
(426, 90, 102, '2022-01-01 00:00:00', '2022-12-31 00:00:00'),
(427, 90, 102, '2022-01-01 00:00:00', '2022-12-31 00:00:00'),
(428, 90, 102, '2022-01-01 00:00:00', '2022-12-31 00:00:00'),
(429, 90, 102, '2022-01-01 00:00:00', '2022-12-31 00:00:00'),
(430, 90, 102, '2022-01-01 00:00:00', '2022-12-31 00:00:00'),
(431, 91, 103, '2022-01-01 00:00:00', '2022-12-31 00:00:00'),
(432, 91, 103, '2022-01-01 00:00:00', '2022-12-31 00:00:00'),
(433, 91, 103, '2022-01-01 00:00:00', '2022-12-31 00:00:00'),
(434, 91, 103, '2022-01-01 00:00:00', '2022-12-31 00:00:00'),
(435, 91, 103, '2022-01-01 00:00:00', '2022-12-31 00:00:00'),
(436, 91, 103, '2022-01-01 00:00:00', '2022-12-31 00:00:00'),
(437, 91, 103, '2022-01-01 00:00:00', '2022-12-31 00:00:00'),
(438, 91, 103, '2022-01-01 00:00:00', '2022-12-31 00:00:00'),
(439, 91, 103, '2022-01-01 00:00:00', '2022-12-31 00:00:00'),
(440, 91, 103, '2022-01-01 00:00:00', '2022-12-31 00:00:00'),
(441, 91, 103, '2022-01-01 00:00:00', '2022-12-31 00:00:00'),
(442, 91, 103, '2022-01-01 00:00:00', '2022-12-31 00:00:00'),
(443, 91, 103, '2022-01-01 00:00:00', '2022-12-31 00:00:00'),
(444, 91, 103, '2022-01-01 00:00:00', '2022-12-31 00:00:00'),
(445, 91, 103, '2022-01-01 00:00:00', '2022-12-31 00:00:00'),
(446, 91, 103, '2022-01-01 00:00:00', '2022-12-31 00:00:00'),
(447, 91, 103, '2022-01-01 00:00:00', '2022-12-31 00:00:00'),
(448, 91, 103, '2022-01-01 00:00:00', '2022-12-31 00:00:00'),
(449, 91, 103, '2022-01-01 00:00:00', '2022-12-31 00:00:00'),
(450, 91, 103, '2022-01-01 00:00:00', '2022-12-31 00:00:00'),
(451, 91, 103, '2022-01-01 00:00:00', '2022-12-31 00:00:00'),
(452, 91, 103, '2022-01-01 00:00:00', '2022-12-31 00:00:00'),
(453, 91, 103, '2022-01-01 00:00:00', '2022-12-31 00:00:00'),
(454, 91, 103, '2022-01-01 00:00:00', '2022-12-31 00:00:00'),
(455, 91, 103, '2022-01-01 00:00:00', '2022-12-31 00:00:00'),
(456, 91, 103, '2022-01-01 00:00:00', '2022-12-31 00:00:00'),
(457, 91, 103, '2022-01-01 00:00:00', '2022-12-31 00:00:00'),
(458, 91, 103, '2022-01-01 00:00:00', '2022-12-31 00:00:00'),
(459, 91, 103, '2022-01-01 00:00:00', '2022-12-31 00:00:00'),
(460, 91, 103, '2022-01-01 00:00:00', '2022-12-31 00:00:00'),
(461, 91, 103, '2022-01-01 00:00:00', '2022-12-31 00:00:00'),
(462, 91, 103, '2022-01-01 00:00:00', '2022-12-31 00:00:00'),
(463, 91, 103, '2022-01-01 00:00:00', '2022-12-31 00:00:00'),
(464, 91, 103, '2022-01-01 00:00:00', '2022-12-31 00:00:00'),
(465, 92, 104, '2023-01-01 00:00:00', '2028-01-01 00:00:00'),
(466, 93, 106, '2022-01-01 00:00:00', '2025-12-31 00:00:00'),
(468, 97, 110, '2022-01-01 00:00:00', '2022-12-31 00:00:00'),
(469, 98, 111, '2022-01-01 00:00:00', '2022-12-31 00:00:00'),
(470, 98, 111, '2022-01-01 00:00:00', '2022-12-31 00:00:00'),
(471, 98, 111, '2022-01-01 00:00:00', '2022-12-31 00:00:00'),
(472, 98, 111, '2022-01-01 00:00:00', '2022-12-31 00:00:00'),
(473, 98, 111, '2022-01-01 00:00:00', '2022-12-31 00:00:00'),
(474, 98, 111, '2022-01-01 00:00:00', '2022-12-31 00:00:00'),
(475, 98, 111, '2022-01-01 00:00:00', '2022-12-31 00:00:00'),
(476, 98, 111, '2022-01-01 00:00:00', '2022-12-31 00:00:00'),
(477, 98, 111, '2022-01-01 00:00:00', '2022-12-31 00:00:00'),
(478, 98, 111, '2022-01-01 00:00:00', '2022-12-31 00:00:00'),
(479, 98, 111, '2022-01-01 00:00:00', '2022-12-31 00:00:00'),
(480, 98, 111, '2022-01-01 00:00:00', '2022-12-31 00:00:00'),
(481, 98, 111, '2022-01-01 00:00:00', '2022-12-31 00:00:00'),
(482, 98, 111, '2022-01-01 00:00:00', '2022-12-31 00:00:00'),
(483, 98, 111, '2022-01-01 00:00:00', '2022-12-31 00:00:00'),
(484, 98, 111, '2022-01-01 00:00:00', '2022-12-31 00:00:00'),
(485, 99, 112, '2022-01-01 00:00:00', '2022-12-31 00:00:00'),
(486, 99, 112, '2022-01-01 00:00:00', '2022-12-31 00:00:00'),
(487, 99, 112, '2022-01-01 00:00:00', '2022-12-31 00:00:00'),
(488, 99, 112, '2022-01-01 00:00:00', '2022-12-31 00:00:00'),
(489, 99, 112, '2022-01-01 00:00:00', '2022-12-31 00:00:00'),
(490, 99, 112, '2022-01-01 00:00:00', '2022-12-31 00:00:00'),
(491, 99, 112, '2022-01-01 00:00:00', '2022-12-31 00:00:00'),
(492, 99, 112, '2022-01-01 00:00:00', '2022-12-31 00:00:00'),
(493, 99, 112, '2022-01-01 00:00:00', '2022-12-31 00:00:00'),
(494, 99, 112, '2022-01-01 00:00:00', '2022-12-31 00:00:00'),
(495, 99, 112, '2022-01-01 00:00:00', '2022-12-31 00:00:00'),
(496, 99, 112, '2022-01-01 00:00:00', '2022-12-31 00:00:00'),
(497, 99, 112, '2022-01-01 00:00:00', '2022-12-31 00:00:00'),
(498, 99, 112, '2022-01-01 00:00:00', '2022-12-31 00:00:00'),
(499, 99, 112, '2022-01-01 00:00:00', '2022-12-31 00:00:00'),
(500, 99, 112, '2022-01-01 00:00:00', '2022-12-31 00:00:00'),
(501, 100, 113, '2023-01-01 00:00:00', '2028-01-01 00:00:00'),
(502, 101, 115, '2022-01-01 00:00:00', '2025-12-31 00:00:00'),
(504, 105, 119, '2022-01-01 00:00:00', '2022-12-31 00:00:00'),
(505, 106, 120, '2022-01-01 00:00:00', '2022-12-31 00:00:00'),
(506, 106, 120, '2022-01-01 00:00:00', '2022-12-31 00:00:00'),
(507, 106, 120, '2022-01-01 00:00:00', '2022-12-31 00:00:00'),
(508, 106, 120, '2022-01-01 00:00:00', '2022-12-31 00:00:00'),
(509, 106, 120, '2022-01-01 00:00:00', '2022-12-31 00:00:00'),
(510, 106, 120, '2022-01-01 00:00:00', '2022-12-31 00:00:00'),
(511, 106, 120, '2022-01-01 00:00:00', '2022-12-31 00:00:00'),
(512, 106, 120, '2022-01-01 00:00:00', '2022-12-31 00:00:00'),
(513, 106, 120, '2022-01-01 00:00:00', '2022-12-31 00:00:00'),
(514, 106, 120, '2022-01-01 00:00:00', '2022-12-31 00:00:00'),
(515, 106, 120, '2022-01-01 00:00:00', '2022-12-31 00:00:00'),
(516, 106, 120, '2022-01-01 00:00:00', '2022-12-31 00:00:00'),
(517, 106, 120, '2022-01-01 00:00:00', '2022-12-31 00:00:00'),
(518, 106, 120, '2022-01-01 00:00:00', '2022-12-31 00:00:00'),
(519, 106, 120, '2022-01-01 00:00:00', '2022-12-31 00:00:00'),
(520, 106, 120, '2022-01-01 00:00:00', '2022-12-31 00:00:00'),
(521, 106, 120, '2022-01-01 00:00:00', '2022-12-31 00:00:00'),
(522, 106, 120, '2022-01-01 00:00:00', '2022-12-31 00:00:00'),
(523, 106, 120, '2022-01-01 00:00:00', '2022-12-31 00:00:00'),
(524, 106, 120, '2022-01-01 00:00:00', '2022-12-31 00:00:00'),
(525, 106, 120, '2022-01-01 00:00:00', '2022-12-31 00:00:00'),
(526, 106, 120, '2022-01-01 00:00:00', '2022-12-31 00:00:00'),
(527, 106, 120, '2022-01-01 00:00:00', '2022-12-31 00:00:00'),
(528, 106, 120, '2022-01-01 00:00:00', '2022-12-31 00:00:00'),
(529, 106, 120, '2022-01-01 00:00:00', '2022-12-31 00:00:00'),
(530, 106, 120, '2022-01-01 00:00:00', '2022-12-31 00:00:00'),
(531, 106, 120, '2022-01-01 00:00:00', '2022-12-31 00:00:00'),
(532, 106, 120, '2022-01-01 00:00:00', '2022-12-31 00:00:00'),
(533, 106, 120, '2022-01-01 00:00:00', '2022-12-31 00:00:00'),
(534, 106, 120, '2022-01-01 00:00:00', '2022-12-31 00:00:00'),
(535, 106, 120, '2022-01-01 00:00:00', '2022-12-31 00:00:00'),
(536, 106, 120, '2022-01-01 00:00:00', '2022-12-31 00:00:00'),
(537, 106, 120, '2022-01-01 00:00:00', '2022-12-31 00:00:00'),
(538, 106, 120, '2022-01-01 00:00:00', '2022-12-31 00:00:00'),
(539, 106, 120, '2022-01-01 00:00:00', '2022-12-31 00:00:00'),
(540, 107, 121, '2022-01-01 00:00:00', '2022-12-31 00:00:00'),
(541, 107, 121, '2022-01-01 00:00:00', '2022-12-31 00:00:00'),
(542, 107, 121, '2022-01-01 00:00:00', '2022-12-31 00:00:00'),
(543, 107, 121, '2022-01-01 00:00:00', '2022-12-31 00:00:00'),
(544, 107, 121, '2022-01-01 00:00:00', '2022-12-31 00:00:00'),
(545, 107, 121, '2022-01-01 00:00:00', '2022-12-31 00:00:00'),
(546, 107, 121, '2022-01-01 00:00:00', '2022-12-31 00:00:00'),
(547, 107, 121, '2022-01-01 00:00:00', '2022-12-31 00:00:00'),
(548, 107, 121, '2022-01-01 00:00:00', '2022-12-31 00:00:00'),
(549, 107, 121, '2022-01-01 00:00:00', '2022-12-31 00:00:00'),
(550, 107, 121, '2022-01-01 00:00:00', '2022-12-31 00:00:00'),
(551, 107, 121, '2022-01-01 00:00:00', '2022-12-31 00:00:00'),
(552, 107, 121, '2022-01-01 00:00:00', '2022-12-31 00:00:00'),
(553, 107, 121, '2022-01-01 00:00:00', '2022-12-31 00:00:00'),
(554, 108, 122, '2023-01-01 00:00:00', '2028-01-01 00:00:00'),
(555, 109, 124, '2022-01-01 00:00:00', '2025-12-31 00:00:00'),
(557, 113, 128, '2022-01-01 00:00:00', '2022-12-31 00:00:00'),
(558, 114, 129, '2022-01-01 00:00:00', '2022-12-31 00:00:00'),
(559, 114, 129, '2022-01-01 00:00:00', '2022-12-31 00:00:00'),
(560, 114, 129, '2022-01-01 00:00:00', '2022-12-31 00:00:00'),
(561, 114, 129, '2022-01-01 00:00:00', '2022-12-31 00:00:00'),
(562, 114, 129, '2022-01-01 00:00:00', '2022-12-31 00:00:00'),
(563, 114, 129, '2022-01-01 00:00:00', '2022-12-31 00:00:00'),
(564, 114, 129, '2022-01-01 00:00:00', '2022-12-31 00:00:00'),
(565, 114, 129, '2022-01-01 00:00:00', '2022-12-31 00:00:00'),
(566, 114, 129, '2022-01-01 00:00:00', '2022-12-31 00:00:00'),
(567, 114, 129, '2022-01-01 00:00:00', '2022-12-31 00:00:00'),
(568, 114, 129, '2022-01-01 00:00:00', '2022-12-31 00:00:00'),
(569, 115, 130, '2022-01-01 00:00:00', '2022-12-31 00:00:00'),
(570, 115, 130, '2022-01-01 00:00:00', '2022-12-31 00:00:00'),
(571, 115, 130, '2022-01-01 00:00:00', '2022-12-31 00:00:00'),
(572, 115, 130, '2022-01-01 00:00:00', '2022-12-31 00:00:00'),
(573, 115, 130, '2022-01-01 00:00:00', '2022-12-31 00:00:00'),
(574, 115, 130, '2022-01-01 00:00:00', '2022-12-31 00:00:00'),
(575, 115, 130, '2022-01-01 00:00:00', '2022-12-31 00:00:00'),
(576, 115, 130, '2022-01-01 00:00:00', '2022-12-31 00:00:00'),
(577, 115, 130, '2022-01-01 00:00:00', '2022-12-31 00:00:00'),
(578, 115, 130, '2022-01-01 00:00:00', '2022-12-31 00:00:00'),
(579, 115, 130, '2022-01-01 00:00:00', '2022-12-31 00:00:00'),
(580, 115, 130, '2022-01-01 00:00:00', '2022-12-31 00:00:00'),
(581, 115, 130, '2022-01-01 00:00:00', '2022-12-31 00:00:00'),
(582, 115, 130, '2022-01-01 00:00:00', '2022-12-31 00:00:00'),
(583, 115, 130, '2022-01-01 00:00:00', '2022-12-31 00:00:00'),
(584, 115, 130, '2022-01-01 00:00:00', '2022-12-31 00:00:00'),
(585, 115, 130, '2022-01-01 00:00:00', '2022-12-31 00:00:00'),
(586, 116, 131, '2023-01-01 00:00:00', '2028-01-01 00:00:00'),
(587, 117, 133, '2022-01-01 00:00:00', '2025-12-31 00:00:00'),
(589, 121, 137, '2022-01-01 00:00:00', '2022-12-31 00:00:00'),
(590, 122, 138, '2022-01-01 00:00:00', '2022-12-31 00:00:00'),
(591, 122, 138, '2022-01-01 00:00:00', '2022-12-31 00:00:00'),
(592, 122, 138, '2022-01-01 00:00:00', '2022-12-31 00:00:00'),
(593, 122, 138, '2022-01-01 00:00:00', '2022-12-31 00:00:00'),
(594, 122, 138, '2022-01-01 00:00:00', '2022-12-31 00:00:00'),
(595, 122, 138, '2022-01-01 00:00:00', '2022-12-31 00:00:00'),
(596, 122, 138, '2022-01-01 00:00:00', '2022-12-31 00:00:00'),
(597, 122, 138, '2022-01-01 00:00:00', '2022-12-31 00:00:00'),
(598, 122, 138, '2022-01-01 00:00:00', '2022-12-31 00:00:00'),
(599, 122, 138, '2022-01-01 00:00:00', '2022-12-31 00:00:00'),
(600, 122, 138, '2022-01-01 00:00:00', '2022-12-31 00:00:00'),
(601, 122, 138, '2022-01-01 00:00:00', '2022-12-31 00:00:00'),
(602, 122, 138, '2022-01-01 00:00:00', '2022-12-31 00:00:00'),
(603, 122, 138, '2022-01-01 00:00:00', '2022-12-31 00:00:00'),
(604, 122, 138, '2022-01-01 00:00:00', '2022-12-31 00:00:00'),
(605, 122, 138, '2022-01-01 00:00:00', '2022-12-31 00:00:00'),
(606, 122, 138, '2022-01-01 00:00:00', '2022-12-31 00:00:00'),
(607, 122, 138, '2022-01-01 00:00:00', '2022-12-31 00:00:00'),
(608, 122, 138, '2022-01-01 00:00:00', '2022-12-31 00:00:00'),
(609, 122, 138, '2022-01-01 00:00:00', '2022-12-31 00:00:00'),
(610, 122, 138, '2022-01-01 00:00:00', '2022-12-31 00:00:00'),
(611, 122, 138, '2022-01-01 00:00:00', '2022-12-31 00:00:00'),
(612, 122, 138, '2022-01-01 00:00:00', '2022-12-31 00:00:00'),
(613, 122, 138, '2022-01-01 00:00:00', '2022-12-31 00:00:00'),
(614, 122, 138, '2022-01-01 00:00:00', '2022-12-31 00:00:00'),
(615, 122, 138, '2022-01-01 00:00:00', '2022-12-31 00:00:00'),
(616, 122, 138, '2022-01-01 00:00:00', '2022-12-31 00:00:00'),
(617, 122, 138, '2022-01-01 00:00:00', '2022-12-31 00:00:00'),
(618, 122, 138, '2022-01-01 00:00:00', '2022-12-31 00:00:00'),
(619, 122, 138, '2022-01-01 00:00:00', '2022-12-31 00:00:00'),
(620, 122, 138, '2022-01-01 00:00:00', '2022-12-31 00:00:00'),
(621, 122, 138, '2022-01-01 00:00:00', '2022-12-31 00:00:00'),
(622, 122, 138, '2022-01-01 00:00:00', '2022-12-31 00:00:00'),
(623, 122, 138, '2022-01-01 00:00:00', '2022-12-31 00:00:00'),
(624, 122, 138, '2022-01-01 00:00:00', '2022-12-31 00:00:00'),
(625, 122, 138, '2022-01-01 00:00:00', '2022-12-31 00:00:00'),
(626, 122, 138, '2022-01-01 00:00:00', '2022-12-31 00:00:00'),
(627, 122, 138, '2022-01-01 00:00:00', '2022-12-31 00:00:00'),
(628, 122, 138, '2022-01-01 00:00:00', '2022-12-31 00:00:00'),
(629, 123, 139, '2022-01-01 00:00:00', '2022-12-31 00:00:00'),
(630, 123, 139, '2022-01-01 00:00:00', '2022-12-31 00:00:00'),
(631, 123, 139, '2022-01-01 00:00:00', '2022-12-31 00:00:00'),
(632, 123, 139, '2022-01-01 00:00:00', '2022-12-31 00:00:00'),
(633, 123, 139, '2022-01-01 00:00:00', '2022-12-31 00:00:00'),
(634, 123, 139, '2022-01-01 00:00:00', '2022-12-31 00:00:00'),
(635, 123, 139, '2022-01-01 00:00:00', '2022-12-31 00:00:00'),
(636, 123, 139, '2022-01-01 00:00:00', '2022-12-31 00:00:00'),
(637, 123, 139, '2022-01-01 00:00:00', '2022-12-31 00:00:00'),
(638, 123, 139, '2022-01-01 00:00:00', '2022-12-31 00:00:00'),
(639, 123, 139, '2022-01-01 00:00:00', '2022-12-31 00:00:00'),
(640, 123, 139, '2022-01-01 00:00:00', '2022-12-31 00:00:00'),
(641, 123, 139, '2022-01-01 00:00:00', '2022-12-31 00:00:00'),
(642, 123, 139, '2022-01-01 00:00:00', '2022-12-31 00:00:00'),
(643, 123, 139, '2022-01-01 00:00:00', '2022-12-31 00:00:00'),
(644, 123, 139, '2022-01-01 00:00:00', '2022-12-31 00:00:00'),
(645, 123, 139, '2022-01-01 00:00:00', '2022-12-31 00:00:00'),
(646, 123, 139, '2022-01-01 00:00:00', '2022-12-31 00:00:00'),
(647, 123, 139, '2022-01-01 00:00:00', '2022-12-31 00:00:00'),
(648, 123, 139, '2022-01-01 00:00:00', '2022-12-31 00:00:00'),
(649, 124, 140, '2023-01-01 00:00:00', '2028-01-01 00:00:00'),
(650, 125, 142, '2022-01-01 00:00:00', '2025-12-31 00:00:00'),
(652, 129, 146, '2022-01-01 00:00:00', '2022-12-31 00:00:00'),
(653, 130, 147, '2022-01-01 00:00:00', '2022-12-31 00:00:00'),
(654, 130, 147, '2022-01-01 00:00:00', '2022-12-31 00:00:00'),
(655, 130, 147, '2022-01-01 00:00:00', '2022-12-31 00:00:00'),
(656, 130, 147, '2022-01-01 00:00:00', '2022-12-31 00:00:00'),
(657, 130, 147, '2022-01-01 00:00:00', '2022-12-31 00:00:00'),
(658, 130, 147, '2022-01-01 00:00:00', '2022-12-31 00:00:00'),
(659, 130, 147, '2022-01-01 00:00:00', '2022-12-31 00:00:00'),
(660, 130, 147, '2022-01-01 00:00:00', '2022-12-31 00:00:00'),
(661, 130, 147, '2022-01-01 00:00:00', '2022-12-31 00:00:00'),
(662, 130, 147, '2022-01-01 00:00:00', '2022-12-31 00:00:00'),
(663, 130, 147, '2022-01-01 00:00:00', '2022-12-31 00:00:00'),
(664, 130, 147, '2022-01-01 00:00:00', '2022-12-31 00:00:00'),
(665, 131, 148, '2022-01-01 00:00:00', '2022-12-31 00:00:00'),
(666, 131, 148, '2022-01-01 00:00:00', '2022-12-31 00:00:00'),
(667, 131, 148, '2022-01-01 00:00:00', '2022-12-31 00:00:00'),
(668, 131, 148, '2022-01-01 00:00:00', '2022-12-31 00:00:00'),
(669, 131, 148, '2022-01-01 00:00:00', '2022-12-31 00:00:00'),
(670, 131, 148, '2022-01-01 00:00:00', '2022-12-31 00:00:00'),
(671, 131, 148, '2022-01-01 00:00:00', '2022-12-31 00:00:00'),
(672, 131, 148, '2022-01-01 00:00:00', '2022-12-31 00:00:00'),
(673, 131, 148, '2022-01-01 00:00:00', '2022-12-31 00:00:00'),
(674, 131, 148, '2022-01-01 00:00:00', '2022-12-31 00:00:00'),
(675, 131, 148, '2022-01-01 00:00:00', '2022-12-31 00:00:00'),
(676, 131, 148, '2022-01-01 00:00:00', '2022-12-31 00:00:00'),
(677, 131, 148, '2022-01-01 00:00:00', '2022-12-31 00:00:00'),
(678, 131, 148, '2022-01-01 00:00:00', '2022-12-31 00:00:00'),
(679, 131, 148, '2022-01-01 00:00:00', '2022-12-31 00:00:00'),
(680, 131, 148, '2022-01-01 00:00:00', '2022-12-31 00:00:00'),
(681, 131, 148, '2022-01-01 00:00:00', '2022-12-31 00:00:00'),
(682, 131, 148, '2022-01-01 00:00:00', '2022-12-31 00:00:00'),
(683, 131, 148, '2022-01-01 00:00:00', '2022-12-31 00:00:00'),
(684, 131, 148, '2022-01-01 00:00:00', '2022-12-31 00:00:00'),
(685, 131, 148, '2022-01-01 00:00:00', '2022-12-31 00:00:00'),
(686, 131, 148, '2022-01-01 00:00:00', '2022-12-31 00:00:00'),
(687, 131, 148, '2022-01-01 00:00:00', '2022-12-31 00:00:00'),
(688, 131, 148, '2022-01-01 00:00:00', '2022-12-31 00:00:00'),
(689, 131, 148, '2022-01-01 00:00:00', '2022-12-31 00:00:00'),
(690, 131, 148, '2022-01-01 00:00:00', '2022-12-31 00:00:00'),
(691, 131, 148, '2022-01-01 00:00:00', '2022-12-31 00:00:00'),
(692, 132, 149, '2023-01-01 00:00:00', '2028-01-01 00:00:00'),
(693, 133, 151, '2022-01-01 00:00:00', '2025-12-31 00:00:00'),
(695, 137, 155, '2022-01-01 00:00:00', '2022-12-31 00:00:00'),
(696, 138, 156, '2022-01-01 00:00:00', '2022-12-31 00:00:00'),
(697, 138, 156, '2022-01-01 00:00:00', '2022-12-31 00:00:00'),
(698, 138, 156, '2022-01-01 00:00:00', '2022-12-31 00:00:00'),
(699, 138, 156, '2022-01-01 00:00:00', '2022-12-31 00:00:00'),
(700, 138, 156, '2022-01-01 00:00:00', '2022-12-31 00:00:00'),
(701, 138, 156, '2022-01-01 00:00:00', '2022-12-31 00:00:00'),
(702, 138, 156, '2022-01-01 00:00:00', '2022-12-31 00:00:00'),
(703, 138, 156, '2022-01-01 00:00:00', '2022-12-31 00:00:00'),
(704, 138, 156, '2022-01-01 00:00:00', '2022-12-31 00:00:00'),
(705, 138, 156, '2022-01-01 00:00:00', '2022-12-31 00:00:00'),
(706, 138, 156, '2022-01-01 00:00:00', '2022-12-31 00:00:00'),
(707, 138, 156, '2022-01-01 00:00:00', '2022-12-31 00:00:00'),
(708, 138, 156, '2022-01-01 00:00:00', '2022-12-31 00:00:00'),
(709, 138, 156, '2022-01-01 00:00:00', '2022-12-31 00:00:00'),
(710, 138, 156, '2022-01-01 00:00:00', '2022-12-31 00:00:00'),
(711, 138, 156, '2022-01-01 00:00:00', '2022-12-31 00:00:00'),
(712, 138, 156, '2022-01-01 00:00:00', '2022-12-31 00:00:00'),
(713, 138, 156, '2022-01-01 00:00:00', '2022-12-31 00:00:00'),
(714, 138, 156, '2022-01-01 00:00:00', '2022-12-31 00:00:00'),
(715, 138, 156, '2022-01-01 00:00:00', '2022-12-31 00:00:00'),
(716, 138, 156, '2022-01-01 00:00:00', '2022-12-31 00:00:00'),
(717, 138, 156, '2022-01-01 00:00:00', '2022-12-31 00:00:00'),
(718, 138, 156, '2022-01-01 00:00:00', '2022-12-31 00:00:00'),
(719, 138, 156, '2022-01-01 00:00:00', '2022-12-31 00:00:00'),
(720, 138, 156, '2022-01-01 00:00:00', '2022-12-31 00:00:00'),
(721, 138, 156, '2022-01-01 00:00:00', '2022-12-31 00:00:00'),
(722, 138, 156, '2022-01-01 00:00:00', '2022-12-31 00:00:00'),
(723, 138, 156, '2022-01-01 00:00:00', '2022-12-31 00:00:00'),
(724, 138, 156, '2022-01-01 00:00:00', '2022-12-31 00:00:00'),
(725, 138, 156, '2022-01-01 00:00:00', '2022-12-31 00:00:00'),
(726, 138, 156, '2022-01-01 00:00:00', '2022-12-31 00:00:00'),
(727, 138, 156, '2022-01-01 00:00:00', '2022-12-31 00:00:00'),
(728, 138, 156, '2022-01-01 00:00:00', '2022-12-31 00:00:00'),
(729, 138, 156, '2022-01-01 00:00:00', '2022-12-31 00:00:00'),
(730, 138, 156, '2022-01-01 00:00:00', '2022-12-31 00:00:00'),
(731, 138, 156, '2022-01-01 00:00:00', '2022-12-31 00:00:00'),
(732, 138, 156, '2022-01-01 00:00:00', '2022-12-31 00:00:00'),
(733, 138, 156, '2022-01-01 00:00:00', '2022-12-31 00:00:00'),
(734, 138, 156, '2022-01-01 00:00:00', '2022-12-31 00:00:00'),
(735, 138, 156, '2022-01-01 00:00:00', '2022-12-31 00:00:00'),
(736, 138, 156, '2022-01-01 00:00:00', '2022-12-31 00:00:00'),
(737, 138, 156, '2022-01-01 00:00:00', '2022-12-31 00:00:00'),
(738, 138, 156, '2022-01-01 00:00:00', '2022-12-31 00:00:00'),
(739, 138, 156, '2022-01-01 00:00:00', '2022-12-31 00:00:00'),
(740, 138, 156, '2022-01-01 00:00:00', '2022-12-31 00:00:00'),
(741, 138, 156, '2022-01-01 00:00:00', '2022-12-31 00:00:00'),
(742, 139, 157, '2022-01-01 00:00:00', '2022-12-31 00:00:00'),
(743, 139, 157, '2022-01-01 00:00:00', '2022-12-31 00:00:00'),
(744, 139, 157, '2022-01-01 00:00:00', '2022-12-31 00:00:00'),
(745, 139, 157, '2022-01-01 00:00:00', '2022-12-31 00:00:00'),
(746, 139, 157, '2022-01-01 00:00:00', '2022-12-31 00:00:00'),
(747, 139, 157, '2022-01-01 00:00:00', '2022-12-31 00:00:00'),
(748, 139, 157, '2022-01-01 00:00:00', '2022-12-31 00:00:00'),
(749, 139, 157, '2022-01-01 00:00:00', '2022-12-31 00:00:00'),
(750, 139, 157, '2022-01-01 00:00:00', '2022-12-31 00:00:00'),
(751, 139, 157, '2022-01-01 00:00:00', '2022-12-31 00:00:00'),
(752, 139, 157, '2022-01-01 00:00:00', '2022-12-31 00:00:00'),
(753, 139, 157, '2022-01-01 00:00:00', '2022-12-31 00:00:00'),
(754, 139, 157, '2022-01-01 00:00:00', '2022-12-31 00:00:00'),
(755, 139, 157, '2022-01-01 00:00:00', '2022-12-31 00:00:00'),
(756, 139, 157, '2022-01-01 00:00:00', '2022-12-31 00:00:00'),
(757, 139, 157, '2022-01-01 00:00:00', '2022-12-31 00:00:00'),
(758, 139, 157, '2022-01-01 00:00:00', '2022-12-31 00:00:00'),
(759, 139, 157, '2022-01-01 00:00:00', '2022-12-31 00:00:00'),
(760, 140, 158, '2023-01-01 00:00:00', '2028-01-01 00:00:00'),
(761, 141, 160, '2022-01-01 00:00:00', '2025-12-31 00:00:00'),
(763, 145, 164, '2022-01-01 00:00:00', '2022-12-31 00:00:00'),
(764, 146, 165, '2022-01-01 00:00:00', '2022-12-31 00:00:00'),
(765, 146, 165, '2022-01-01 00:00:00', '2022-12-31 00:00:00'),
(766, 146, 165, '2022-01-01 00:00:00', '2022-12-31 00:00:00'),
(767, 146, 165, '2022-01-01 00:00:00', '2022-12-31 00:00:00'),
(768, 146, 165, '2022-01-01 00:00:00', '2022-12-31 00:00:00'),
(769, 146, 165, '2022-01-01 00:00:00', '2022-12-31 00:00:00'),
(770, 146, 165, '2022-01-01 00:00:00', '2022-12-31 00:00:00'),
(771, 146, 165, '2022-01-01 00:00:00', '2022-12-31 00:00:00'),
(772, 146, 165, '2022-01-01 00:00:00', '2022-12-31 00:00:00'),
(773, 146, 165, '2022-01-01 00:00:00', '2022-12-31 00:00:00'),
(774, 146, 165, '2022-01-01 00:00:00', '2022-12-31 00:00:00'),
(775, 146, 165, '2022-01-01 00:00:00', '2022-12-31 00:00:00'),
(776, 146, 165, '2022-01-01 00:00:00', '2022-12-31 00:00:00'),
(777, 146, 165, '2022-01-01 00:00:00', '2022-12-31 00:00:00'),
(778, 146, 165, '2022-01-01 00:00:00', '2022-12-31 00:00:00'),
(779, 146, 165, '2022-01-01 00:00:00', '2022-12-31 00:00:00'),
(780, 146, 165, '2022-01-01 00:00:00', '2022-12-31 00:00:00'),
(781, 146, 165, '2022-01-01 00:00:00', '2022-12-31 00:00:00'),
(782, 146, 165, '2022-01-01 00:00:00', '2022-12-31 00:00:00'),
(783, 146, 165, '2022-01-01 00:00:00', '2022-12-31 00:00:00'),
(784, 146, 165, '2022-01-01 00:00:00', '2022-12-31 00:00:00'),
(785, 146, 165, '2022-01-01 00:00:00', '2022-12-31 00:00:00'),
(786, 146, 165, '2022-01-01 00:00:00', '2022-12-31 00:00:00'),
(787, 146, 165, '2022-01-01 00:00:00', '2022-12-31 00:00:00'),
(788, 146, 165, '2022-01-01 00:00:00', '2022-12-31 00:00:00'),
(789, 146, 165, '2022-01-01 00:00:00', '2022-12-31 00:00:00'),
(790, 146, 165, '2022-01-01 00:00:00', '2022-12-31 00:00:00'),
(791, 147, 166, '2023-01-01 00:00:00', '2028-01-01 00:00:00'),
(792, 148, 168, '2022-01-01 00:00:00', '2025-12-31 00:00:00'),
(794, 152, 172, '2022-01-01 00:00:00', '2022-12-31 00:00:00'),
(795, 153, 173, '2022-01-01 00:00:00', '2022-12-31 00:00:00'),
(796, 153, 173, '2022-01-01 00:00:00', '2022-12-31 00:00:00'),
(797, 153, 173, '2022-01-01 00:00:00', '2022-12-31 00:00:00'),
(798, 153, 173, '2022-01-01 00:00:00', '2022-12-31 00:00:00'),
(799, 153, 173, '2022-01-01 00:00:00', '2022-12-31 00:00:00'),
(800, 153, 173, '2022-01-01 00:00:00', '2022-12-31 00:00:00'),
(801, 153, 173, '2022-01-01 00:00:00', '2022-12-31 00:00:00'),
(802, 153, 173, '2022-01-01 00:00:00', '2022-12-31 00:00:00'),
(803, 153, 173, '2022-01-01 00:00:00', '2022-12-31 00:00:00'),
(804, 153, 173, '2022-01-01 00:00:00', '2022-12-31 00:00:00'),
(805, 153, 173, '2022-01-01 00:00:00', '2022-12-31 00:00:00'),
(806, 153, 173, '2022-01-01 00:00:00', '2022-12-31 00:00:00'),
(807, 153, 173, '2022-01-01 00:00:00', '2022-12-31 00:00:00'),
(808, 154, 174, '2023-01-01 00:00:00', '2028-01-01 00:00:00'),
(809, 155, 176, '2022-01-01 00:00:00', '2025-12-31 00:00:00'),
(811, 159, 180, '2022-01-01 00:00:00', '2022-12-31 00:00:00'),
(812, 160, 181, '2022-01-01 00:00:00', '2022-12-31 00:00:00'),
(813, 160, 181, '2022-01-01 00:00:00', '2022-12-31 00:00:00'),
(814, 160, 181, '2022-01-01 00:00:00', '2022-12-31 00:00:00'),
(815, 160, 181, '2022-01-01 00:00:00', '2022-12-31 00:00:00'),
(816, 160, 181, '2022-01-01 00:00:00', '2022-12-31 00:00:00'),
(817, 160, 181, '2022-01-01 00:00:00', '2022-12-31 00:00:00'),
(818, 160, 181, '2022-01-01 00:00:00', '2022-12-31 00:00:00'),
(819, 160, 181, '2022-01-01 00:00:00', '2022-12-31 00:00:00'),
(820, 160, 181, '2022-01-01 00:00:00', '2022-12-31 00:00:00'),
(821, 160, 181, '2022-01-01 00:00:00', '2022-12-31 00:00:00'),
(822, 160, 181, '2022-01-01 00:00:00', '2022-12-31 00:00:00'),
(823, 160, 181, '2022-01-01 00:00:00', '2022-12-31 00:00:00'),
(824, 160, 181, '2022-01-01 00:00:00', '2022-12-31 00:00:00'),
(825, 160, 181, '2022-01-01 00:00:00', '2022-12-31 00:00:00'),
(826, 160, 181, '2022-01-01 00:00:00', '2022-12-31 00:00:00'),
(827, 160, 181, '2022-01-01 00:00:00', '2022-12-31 00:00:00'),
(828, 160, 181, '2022-01-01 00:00:00', '2022-12-31 00:00:00'),
(829, 160, 181, '2022-01-01 00:00:00', '2022-12-31 00:00:00'),
(830, 160, 181, '2022-01-01 00:00:00', '2022-12-31 00:00:00'),
(831, 160, 181, '2022-01-01 00:00:00', '2022-12-31 00:00:00'),
(832, 160, 181, '2022-01-01 00:00:00', '2022-12-31 00:00:00'),
(833, 161, 182, '2023-01-01 00:00:00', '2028-01-01 00:00:00'),
(834, 162, 184, '2022-01-01 00:00:00', '2025-12-31 00:00:00'),
(836, 166, 188, '2022-01-01 00:00:00', '2022-12-31 00:00:00'),
(837, 167, 189, '2022-01-01 00:00:00', '2022-12-31 00:00:00'),
(838, 167, 189, '2022-01-01 00:00:00', '2022-12-31 00:00:00'),
(839, 167, 189, '2022-01-01 00:00:00', '2022-12-31 00:00:00'),
(840, 167, 189, '2022-01-01 00:00:00', '2022-12-31 00:00:00'),
(841, 167, 189, '2022-01-01 00:00:00', '2022-12-31 00:00:00'),
(842, 167, 189, '2022-01-01 00:00:00', '2022-12-31 00:00:00'),
(843, 167, 189, '2022-01-01 00:00:00', '2022-12-31 00:00:00'),
(844, 167, 189, '2022-01-01 00:00:00', '2022-12-31 00:00:00'),
(845, 167, 189, '2022-01-01 00:00:00', '2022-12-31 00:00:00'),
(846, 167, 189, '2022-01-01 00:00:00', '2022-12-31 00:00:00'),
(847, 167, 189, '2022-01-01 00:00:00', '2022-12-31 00:00:00'),
(848, 167, 189, '2022-01-01 00:00:00', '2022-12-31 00:00:00'),
(849, 167, 189, '2022-01-01 00:00:00', '2022-12-31 00:00:00'),
(850, 168, 190, '2023-01-01 00:00:00', '2028-01-01 00:00:00'),
(851, 169, 192, '2022-01-01 00:00:00', '2025-12-31 00:00:00'),
(853, 173, 196, '2022-01-01 00:00:00', '2022-12-31 00:00:00'),
(854, 174, 197, '2022-01-01 00:00:00', '2022-12-31 00:00:00'),
(855, 174, 197, '2022-01-01 00:00:00', '2022-12-31 00:00:00'),
(856, 174, 197, '2022-01-01 00:00:00', '2022-12-31 00:00:00'),
(857, 174, 197, '2022-01-01 00:00:00', '2022-12-31 00:00:00'),
(858, 174, 197, '2022-01-01 00:00:00', '2022-12-31 00:00:00'),
(859, 174, 197, '2022-01-01 00:00:00', '2022-12-31 00:00:00');
INSERT INTO `subscription` (`id`, `product`, `contact`, `beginDate`, `endDate`) VALUES
(860, 174, 197, '2022-01-01 00:00:00', '2022-12-31 00:00:00'),
(861, 174, 197, '2022-01-01 00:00:00', '2022-12-31 00:00:00'),
(862, 174, 197, '2022-01-01 00:00:00', '2022-12-31 00:00:00'),
(863, 174, 197, '2022-01-01 00:00:00', '2022-12-31 00:00:00'),
(864, 174, 197, '2022-01-01 00:00:00', '2022-12-31 00:00:00'),
(865, 174, 197, '2022-01-01 00:00:00', '2022-12-31 00:00:00'),
(866, 174, 197, '2022-01-01 00:00:00', '2022-12-31 00:00:00'),
(867, 174, 197, '2022-01-01 00:00:00', '2022-12-31 00:00:00'),
(868, 174, 197, '2022-01-01 00:00:00', '2022-12-31 00:00:00'),
(869, 174, 197, '2022-01-01 00:00:00', '2022-12-31 00:00:00'),
(870, 174, 197, '2022-01-01 00:00:00', '2022-12-31 00:00:00'),
(871, 174, 197, '2022-01-01 00:00:00', '2022-12-31 00:00:00'),
(872, 174, 197, '2022-01-01 00:00:00', '2022-12-31 00:00:00'),
(873, 174, 197, '2022-01-01 00:00:00', '2022-12-31 00:00:00'),
(874, 174, 197, '2022-01-01 00:00:00', '2022-12-31 00:00:00'),
(875, 174, 197, '2022-01-01 00:00:00', '2022-12-31 00:00:00'),
(876, 174, 197, '2022-01-01 00:00:00', '2022-12-31 00:00:00'),
(877, 174, 197, '2022-01-01 00:00:00', '2022-12-31 00:00:00'),
(878, 175, 198, '2023-01-01 00:00:00', '2028-01-01 00:00:00'),
(879, 176, 200, '2022-01-01 00:00:00', '2025-12-31 00:00:00');

--
-- Index pour les tables déchargées
--

--
-- Index pour la table `contact`
--
ALTER TABLE `contact`
  ADD PRIMARY KEY (`id`);

--
-- Index pour la table `product`
--
ALTER TABLE `product`
  ADD PRIMARY KEY (`id`);

--
-- Index pour la table `subscription`
--
ALTER TABLE `subscription`
  ADD PRIMARY KEY (`id`),
  ADD KEY `IDX_A3C664D3D34A04AD` (`product`),
  ADD KEY `IDX_A3C664D34C62E638` (`contact`);

--
-- AUTO_INCREMENT pour les tables déchargées
--

--
-- AUTO_INCREMENT pour la table `contact`
--
ALTER TABLE `contact`
  MODIFY `id` int(11) NOT NULL AUTO_INCREMENT, AUTO_INCREMENT=202;

--
-- AUTO_INCREMENT pour la table `product`
--
ALTER TABLE `product`
  MODIFY `id` int(11) NOT NULL AUTO_INCREMENT, AUTO_INCREMENT=178;

--
-- AUTO_INCREMENT pour la table `subscription`
--
ALTER TABLE `subscription`
  MODIFY `id` int(11) NOT NULL AUTO_INCREMENT, AUTO_INCREMENT=881;

--
-- Contraintes pour les tables déchargées
--

--
-- Contraintes pour la table `subscription`
--
ALTER TABLE `subscription`
  ADD CONSTRAINT `FK_A3C664D34C62E638` FOREIGN KEY (`contact`) REFERENCES `contact` (`id`),
  ADD CONSTRAINT `FK_A3C664D3D34A04AD` FOREIGN KEY (`product`) REFERENCES `product` (`id`);
COMMIT;

/*!40101 SET CHARACTER_SET_CLIENT=@OLD_CHARACTER_SET_CLIENT */;
/*!40101 SET CHARACTER_SET_RESULTS=@OLD_CHARACTER_SET_RESULTS */;
/*!40101 SET COLLATION_CONNECTION=@OLD_COLLATION_CONNECTION */;
